Product No,Product,Price,Currency
1,Product A,26.00,USD
2,Product B,37.00,EUR
3,Product C,46.00,USD
4,Product D,34.00,USD
5,Product E,11.00,EUR
6,Product F,15.00,EUR
7,Product G,20.00,USD
8,Product H,45.00,EUR
9,Product I,31.00,EUR
10,Product J,25.00,USD
11,Product K,50.00,EUR